wavelength,luminosity
3001.7410097856755,1.5576669043518226e+39
3003.499076424034,1.432152424384777e+39
3005.2592036063106,1.5215958624072908e+39
3007.021394957225,1.392487025659933e+39
3008.785654110001,1.5203365324337505e+39
3010.5519847063956,1.5727316606271767e+39
3012.3203903967224,1.6005296889232107e+39
3014.090874839876,1.4500308710764286e+39
3015.8634417033595,1.5242720712126883e+39
3017.6380946633067,1.5269734893675934e+39
3019.414837404511,1.4595036324979823e+39
3021.1936736204475,1.5523876344471816e+39
3022.974607013301,1.5337701586502585e+39
3024.757641293991,1.4647248375709387e+39
3026.5427801821975,1.2888988357220772e+39
3028.3300274063868,1.3449845361046522e+39
3030.119386703836,1.3900890260602424e+39
3031.910861820662,1.343570334674421e+39
3033.7044565118467,1.3901678515278205e+39
3035.5001745412596,1.3633316279576242e+39
3037.2980196816907,1.301371881007513e+39
3039.097995714872,1.2483158545220947e+39
3040.9001064315034,1.3797111886821358e+39
3042.7043556312847,1.2777795135886536e+39
3044.510747122937,1.2685427320013407e+39
3046.319284724232,1.1523532245661156e+39
3048.129972262017,1.2374923417892996e+39
3049.9428135722455,1.1911825969131146e+39
3051.7578125,1.1412422009701422e+39
3053.574972899522,1.2015706661207934e+39
3055.3942986342386,1.1315590594109972e+39
3057.2157935767896,1.0855487718122508e+39
3059.039461609055,1.1868176647155567e+39
3060.8653066221823,1.0515407168143467e+39
3062.693332516615,1.0665339791135762e+39
3064.5235432021204,9.768808531700133e+38
3066.3559425978165,1.0496519584737554e+39
3068.1905346322,1.0024262516574618e+39
3070.027323243177,9.142534463147164e+38
3071.8663123780852,9.36014894920602e+38
3073.7075059937297,1.0686001476247893e+39
3075.550908056405,9.353770844227054e+38
3077.3965225419292,9.798157248317755e+38
3079.2443534356667,1.0342818951370082e+39
3081.094404732561,1.0455111876529933e+39
3082.946680437162,1.0108699153623324e+39
3084.8011845636547,1.022472357272129e+39
3086.65792113589,9.392199369487032e+38
3088.5168941874113,1.1370439508100055e+39
3090.3781077614844,9.807983224823884e+38
3092.241565911129,9.48327814180214e+38
3094.1072726991442,1.0269683085222668e+39
3095.9752321981423,1.0478053948456434e+39
3097.8454484905747,1.0080134775734361e+39
3099.7179256687637,1.0249648407003395e+39
3101.592667834933,1.0412718317991565e+39
3103.4696791012348,1.0663718248226666e+39
3105.348963589783,1.0952034318641248e+39
3107.2305254326816,1.05909774346448e+39
3109.114368772055,1.0525184123878807e+39
3111.0004977600797,1.1457906745508116e+39
3112.8889165590126,1.2033162542333476e+39
3114.779629341224,1.1250256191247291e+39
3116.672640289227,1.1922873669457896e+39
3118.567953595709,1.1965563693325463e+39
3120.4655734635603,1.230680657249768e+39
3122.3655041059105,1.1550030997844074e+39
3124.267749746153,1.1312716067358863e+39
3126.1723146179816,1.1550646698721843e+39
3128.0792029654185,1.1583883196198605e+39
3129.9884190428493,1.2013021418151146e+39
3131.89996711505,1.1542776840766276e+39
3133.8138514572233,1.0785428233790601e+39
3135.7300763550274,1.1422833447267632e+39
3137.6486461046093,1.1835678423345706e+39
3139.5695650126368,1.1310526769345188e+39
3141.4928373963307,1.1154419417782854e+39
3143.4184675834967,9.664774351514446e+38
3145.346459912559,1.0241830906237472e+39
3147.2768187325914,1.036884257580395e+39
3149.2095484033507,9.51410924700855e+38
3151.144653295309,1.0287766105107459e+39
3153.082137789689,9.907757744571586e+38
3155.022006278494,9.737439513751088e+38
3156.964263164541,1.0072470458109737e+39
3158.9089128614974,9.517193281428836e+38
3160.855959793912,9.63935612298831e+38
3162.8054083972484,1.0101027749492542e+39
3164.7572631179187,9.534066968155686e+38
3166.7115284133192,9.583481014268598e+38
3168.6682087518616,8.796161294939928e+38
3170.627308613009,8.477133166902393e+38
3172.5888324873094,8.810137382085158e+38
3174.55278487643,8.577019235574204e+38
3176.5191702931925,8.596947645244335e+38
3178.4879932616054,8.446751000687197e+38
3180.4592583169006,8.513035642856097e+38
3182.4329700055687,7.263429902375592e+38
3184.409132885393,7.798786193359946e+38
3186.387751525483,8.269755986113697e+38
3188.368830506313,7.661717450329596e+38
3190.3523744197546,7.249683419457371e+38
3192.3383878691143,9.1238728186087e+38
3194.3268754691667,8.111408314270228e+38
3196.317841846193,8.185029475401748e+38
3198.311291638015,7.920837447882697e+38
3200.307229494031,8.593709782410397e+38
3202.305660075254,9.888557261119347e+38
3204.306588054345,7.89358274203709e+38
3206.3100181156515,9.160695861296025e+38
3208.315954955244,8.565194523954624e+38
3210.3244032809516,8.76912261635042e+38
3212.3353678123995,9.087306579707121e+38
3214.3488532810466,8.796124220250982e+38
3216.3648644302207,8.832502609392228e+38
3218.383406015158,9.243964987057714e+38
3220.4044828030396,8.808956012074777e+38
3222.428099573028,9.130647980979581e+38
3224.4542611163056,1.0292370012795071e+39
3226.482972236114,1.0482609809643135e+39
3228.5142377477882,1.0373642280862411e+39
3230.5480624787992,1.0780135817562783e+39
3232.5844512687895,1.102357636901353e+39
3234.6234089696104,1.0779036159997558e+39
3236.6649404453647,1.2015705418766474e+39
3238.709050572442,1.0939176422636223e+39
3240.755744239557,1.300975613405879e+39
3242.8050263477908,1.2186082151079501e+39
3244.85690181063,1.3586000298854201e+39
3246.9113755540043,1.3001770190402553e+39
3248.9684525163257,1.1592530946268428e+39
3251.0281376485314,1.4068614724981987e+39
3253.090435914118,1.390156321036648e+39
3255.1553522891877,1.456486709051283e+39
3257.222891762483,1.4075959244542642e+39
3259.29305933543,1.4516903198032053e+39
3261.365860022177,1.5627907555345307e+39
3263.441298849637,1.5069393754383626e+39
3265.519380857525,1.5735044217398358e+39
3267.6001110984034,1.6474576853463652e+39
3269.683494637719,1.6206529073161042e+39
3271.769536553845,1.552086888517993e+39
3273.8582419381237,1.6848963982204063e+39
3275.9496158949073,1.617090496622684e+39
3278.0436635415986,1.5655980662159336e+39
3280.140390008692,1.811895187016363e+39
3282.23980043982,1.6789305583691412e+39
3284.341899991789,1.7010909413240834e+39
3286.4466938346254,1.825830653997062e+39
3288.554187151619,1.7332842438434375e+39
3290.664385139359,1.8488306297342297e+39
3292.777293007787,1.700601703892164e+39
3294.89291598023,1.8736654038176274e+39
3297.0112592934506,1.9257629178627144e+39
3299.132328197684,1.8697673298158682e+39
3301.256127956687,1.7137983155404594e+39
3303.38266384778,1.7420286397001356e+39
3305.511941161887,1.9932340896057053e+39
3307.643965203585,1.8518970193959296e+39
3309.778741291145,1.8542337312451717e+39
3311.916274756574,1.885643852657997e+39
3314.056570945666,1.8527761378056728e+39
3316.1996352180404,1.9446355763509526e+39
3318.3454729471887,1.8899821895464676e+39
3320.4940895205204,1.8759255183443003e+39
3322.645490339408,1.9032827619306135e+39
3324.7996808192306,1.8364216994073375e+39
3326.9566663894198,2.0005866485342967e+39
3329.116452493508,1.989907622513794e+39
3331.2790445891696,2.0461871406681856e+39
3333.444448148271,1.9271018640276195e+39
3335.6126686569155,1.98571077919606e+39
3337.783711615487,1.8636161350067193e+39
3339.957582538702,2.186666821188882e+39
3342.1342869556497,2.104320344828227e+39
3344.313830409845,2.0933252225505655e+39
3346.4962184592728,2.096526889949046e+39
3348.6814566764333,2.076281448005444e+39
3350.8695506483928,1.9959226867560286e+39
3353.0605059768304,2.0016240791288203e+39
3355.2543282780834,2.0186650125690665e+39
3357.4510231831996,2.048320100321458e+39
3359.650596337981,2.0534109543218388e+39
3361.853053403035,2.1781511484451157e+39
3364.0584000538247,2.1614662616447874e+39
3366.266641980711,2.2100952428476303e+39
3368.4777848890085,2.141067014733554e+39
3370.6918344990304,2.1411315409867138e+39
3372.9087965461413,2.1538667196337967e+39
3375.1286767808024,2.0695976827125047e+39
3377.3514809686244,2.140426353336235e+39
3379.577214890417,2.0665162523782872e+39
3381.8058843422386,2.154935493435749e+39
3384.0374951354456,2.2030067688339654e+39
3386.272053096746,2.104321102561099e+39
3388.5095640682443,2.0994389812331386e+39
3390.7500339075,2.2571782091873307e+39
3392.9934684875734,2.2486958497670034e+39
3395.2398736970767,2.2755756345622456e+39
3397.4892554402295,2.28533331817786e+39
3399.7416196369077,2.1294124156090777e+39
3401.9969722226947,2.0696798175168787e+39
3404.255319148936,2.3476557481012927e+39
3406.51666638279,2.3962467400603295e+39
3408.781019907281,2.371141345680524e+39
3411.0483857213517,2.2739437224572503e+39
3413.318769839915,2.194478711749029e+39
3415.5921782939117,2.1977200545350082e+39
3417.8686171303575,2.2287641672627165e+39
3420.148092412401,2.350921133379926e+39
3422.4306102193777,2.2876841291555285e+39
3424.7161766468603,2.2520030917887437e+39
3427.004797806717,2.3352001265655015e+39
3429.2964798271632,2.1632529608947792e+39
3431.591228852819,2.319504295923874e+39
3433.8890510447604,2.2549182474244462e+39
3436.1899525805784,2.3416783478726295e+39
3438.4939396544314,2.321584448204651e+39
3440.8010184771015,2.1776704534494215e+39
3443.111195276051,2.3467262251253448e+39
3445.4244762954795,2.2092963477526952e+39
3447.7408677963763,2.183967105654741e+39
3450.060376056581,2.3695271457015646e+39
3452.3830073708373,2.4165147008461717e+39
3454.708768050853,2.2932460471092276e+39
3457.0376644253533,2.179119036068348e+39
3459.369702840142,2.1373535281019828e+39
3461.7048896581564,2.1741515696108153e+39
3464.0432312595262,2.0643379759455517e+39
3466.384734041631,2.085015795323885e+39
3468.729404419161,1.9611648844610342e+39
3471.0772488241723,2.249428387742332e+39
3473.4282737061476,1.8057624208814682e+39
3475.782485532055,1.9914491628548406e+39
3478.1398907864072,1.941499690646387e+39
3480.5004959713206,1.7885197783959428e+39
3482.8643076065755,1.8933984908596138e+39
3485.231332229677,1.9055956494274317e+39
3487.601576395912,1.8541375449086673e+39
3489.9750466784158,1.8510701194686258e+39
3492.3517496682266,1.8763998683314702e+39
3494.731691974349,1.7954070428356872e+39
3497.1148802238154,1.732475175407059e+39
3499.5013210617485,1.78153520665229e+39
3501.8910211514217,1.8579649545025687e+39
3504.2839871743204,1.805916888968798e+39
3506.6802258302064,1.7001990814009022e+39
3509.0797438371783,1.722040467406924e+39
3511.4825479317365,1.7553839196854606e+39
3513.888644868844,1.7608124846855973e+39
3516.298041421991,1.6409319709807856e+39
3518.710744383258,1.5644853088902277e+39
3521.1267605633802,1.7087370679680384e+39
3523.546096791811,1.7341957142176288e+39
3525.968759916787,1.5804526532628127e+39
3528.394756805391,1.632305149749111e+39
3530.8240943436194,1.572634584817549e+39
3533.2567794364454,1.5914879721467458e+39
3535.6928190078843,1.4178556713127206e+39
3538.1322200010613,1.5271057834942682e+39
3540.5749893782745,1.401175847664838e+39
3543.0211341210647,1.462843531403781e+39
3545.4706612302784,1.415197946000659e+39
3547.9235777261356,1.4541878335911685e+39
3550.3798906482994,1.37292571163999e+39
3552.8396070559393,1.3399241016739806e+39
3555.302734027802,1.429841076366755e+39
3557.769278662279,1.4115217510745766e+39
3560.2392480774706,1.3335322863474047e+39
3562.7126494112613,1.3722761383323378e+39
3565.189489821384,1.3784947360288336e+39
3567.6697764854885,1.308817711098326e+39
3570.1535166012136,1.3140844859637654e+39
3572.640717386256,1.3583991631481601e+39
3575.1313860784385,1.3260277304166933e+39
3577.6255299357813,1.4249827387214633e+39
3580.1231562365742,1.3509011439381919e+39
3582.6242722794445,1.2980833832852315e+39
3585.1288853834294,1.3129824461870866e+39
3587.6370028880474,1.3944987673354814e+39
3590.1486321533707,1.287936234599413e+39
3592.6637805600963,1.2763189114686855e+39
3595.182455509617,1.3700209130915157e+39
3597.7046644240972,1.485354882013367e+39
3600.230414746544,1.388503298509075e+39
3602.7597139408786,1.507645321103127e+39
3605.292569492014,1.4976938463054984e+39
3607.8289889059256,1.4851709200089685e+39
3610.3689797097263,1.570040508991111e+39
3612.9125494517407,1.5392374432939167e+39
3615.45970570158,1.4425335750510806e+39
3618.010456050218,1.4513245959651676e+39
3620.564808110065,1.5431882847248678e+39
3623.122769515045,1.5007051109378075e+39
3625.68434792067,1.5572090849678834e+39
3628.249551004118,1.4845783067523645e+39
3630.8183864643092,1.4986425305797692e+39
3633.390862021982,1.418447788296604e+39
3635.9669854197723,1.4469837606913297e+39
3638.5467644222895,1.411966820139491e+39
3641.130206816196,1.4874076204830544e+39
3643.7173204102824,1.480595089248439e+39
3646.3081130355513,1.3715513498590002e+39
3648.9025925452916,1.422661732809153e+39
3651.500766815161,1.482549925622895e+39
3654.102643743263,1.4382116364438295e+39
3656.7082312502284,1.4266814222510373e+39
3659.317537279297,1.466885855233374e+39
3661.9305697963964,1.3117030105561874e+39
3664.5473367902227,1.361952259279722e+39
3667.1678462723235,1.3553445679052647e+39
3669.792106277179,1.2877800774656376e+39
3672.420124862284,1.3589486775280315e+39
3675.05191010823,1.200919072717769e+39
3677.687470118789,1.2212713925403584e+39
3680.3268130209963,1.1717194024898141e+39
3682.969946965233,1.186327563459832e+39
3685.6168801253107,1.1914609252364288e+39
3688.2676206985575,1.1744637778478478e+39
3690.9221769059,1.1264552916428354e+39
3693.5805569919476,1.0824958299535306e+39
3696.2427692250826,1.1318783510832018e+39
3698.90882189754,1.134638764367133e+39
3701.5787233254982,1.0620969475041194e+39
3704.2524818491625,1.1132936710234331e+39
3706.9301058328547,1.0845521758272337e+39
3709.611603665096,1.1257061134275904e+39
3712.2969837587007,1.0817154123179964e+39
3714.986254550858,1.0619808772615553e+39
3717.679424503225,1.0532473955377844e+39
3720.3765021020126,1.1137870235179226e+39
3723.077495858076,1.0679124878407378e+39
3725.7824143070043,1.1238492845905085e+39
3728.491266009209,1.0069874571907007e+39
3731.2040595500166,1.1350933725707746e+39
3733.920803539757,1.0953073125508021e+39
3736.641506613855,1.0881203687824094e+39
3739.366177432925,1.0991230439117822e+39
3742.0948246828575,1.1544532989510923e+39
3744.827457074915,1.0773767536046844e+39
3747.564083345825,1.144242677779133e+39
3750.304712257871,1.1009028627416353e+39
3753.0493525989864,1.1434911224524007e+39
3755.798013182851,1.1852708887602597e+39
3758.5507028489815,1.2726973654557348e+39
3761.307430462829,1.2055886718710192e+39
3764.0682049158727,1.3208292327668332e+39
3766.8330351257177,1.2978857360676932e+39
3769.6019300361877,1.2428353647460555e+39
3772.3748986174246,1.3574800074897696e+39
3775.1519498659823,1.462311077866567e+39
3777.9330928049267,1.4162484412001543e+39
3780.718336483932,1.316318092491947e+39
3783.50768997938,1.4192477785418397e+39
3786.3011623944567,1.4747340863221604e+39
3789.098762859254,1.5205444521629707e+39
3791.900500530866,1.7262687982150772e+39
3794.706384593492,1.5918345535308883e+39
3797.516424258535,1.6625775982326984e+39
3800.3306287647024,1.615502721203002e+39
3803.1490073781088,1.7016813678565747e+39
3805.9715693923768,1.6628698592536662e+39
3808.7983241287375,1.6722500949411456e+39
3811.629280936136,1.723889947320434e+39
3814.4644491913336,1.8624613841625773e+39
3817.3038382990094,1.9348131404547998e+39
3820.1474576918667,1.8950932050642094e+39
3822.995316830737,1.823319924434339e+39
3825.847425204683,1.8800991526661098e+39
3828.7037923311063,1.9146057707759687e+39
3831.5644277558526,1.9833481836231222e+39
3834.429341053318,1.983998979032959e+39
3837.298541826554,2.0258901908540603e+39
3840.172039707379,2.0565671121498046e+39
3843.049844356481,1.9410221916091065e+39
3845.931965463531,1.9194967461323246e+39
3848.8184127472864,2.0646048009207246e+39
3851.7091959557056,2.0193420566431234e+39
3854.6043248660526,2.1328137878430115e+39
3857.503809285012,2.0932323619870446e+39
3860.4076590487957,2.0619149322163595e+39
3863.315884023257,2.026564844423542e+39
3866.2284941040016,2.084828653533564e+39
3869.145499216498,2.1513194654429903e+39
3872.066909316193,2.112280744272888e+39
3874.992734388623,2.1734321269322858e+39
3877.922984449529,2.0893116723003124e+39
3880.857669544969,2.119345339082335e+39
3883.796799751437,2.1017257050209873e+39
3886.7403851759723,1.9711242772024956e+39
3889.68843595628,2.0243717086364032e+39
3892.6409622608458,2.0896330528720154e+39
3895.5979742890536,2.0127182345867508e+39
3898.5594822713006,2.0881363601517356e+39
3901.5254964691194,2.1476246964481967e+39
3904.496027175292,1.988512469165978e+39
3907.4710847139727,2.0573208618732518e+39
3910.4506794408057,2.0901473138242095e+39
3913.434821743044,2.1213787693607525e+39
3916.4235220396736,2.0729399118383853e+39
3919.4167907815317,1.9639920685268262e+39
3922.4146384514306,2.1891407416078223e+39
3925.4170755642785,2.014287689683455e+39
3928.4241126672036,2.182792534148974e+39
3931.4357603396757,1.949339740109543e+39
3934.4520291936337,2.077961905802752e+39
3937.4729298736074,1.901233026168481e+39
3940.4984730568417,1.9515656069959205e+39
3943.528669453427,2.034132644882051e+39
3946.5635298064212,1.9492602017475975e+39
3949.603064891978,1.9616896807236795e+39
3952.6472855194766,1.9295837407110348e+39
3955.6962025316457,1.8709527696807824e+39
3958.7498268046947,1.9455021920851778e+39
3961.8081692484448,1.9056096385810952e+39
3964.871240806455,1.8866304109128626e+39
3967.939052456154,1.968463286863767e+39
3971.0116152089745,1.9449620708510705e+39
3974.0889401104796,2.0055209608159937e+39
3977.171038240499,1.831805369183118e+39
3980.257920713262,2.0253458567989958e+39
3983.3495986775274,1.99097540915728e+39
3986.446083316723,1.858115218221189e+39
3989.5473858490755,1.8834300366885117e+39
3992.653517527749,1.9325320457320487e+39
3995.76448964098,1.9661212029106565e+39
3998.880313512216,1.8660439088903876e+39
4002.00100050025,1.9148849413196645e+39
4005.1265619993587,1.87855489419068e+39
4008.257009439445,1.996679340071187e+39
4011.3923542861726,2.0087765642278454e+39
4014.5326080411087,1.9278064510562817e+39
4017.6777822418644,1.8574289426193162e+39
4020.8278884622346,1.8477307196154587e+39
4023.982938312341,1.9388811426697708e+39
4027.1429434387774,1.8653601616543745e+39
4030.307915524746,1.7963742527510876e+39
4033.4778662902086,1.9434755787944205e+39
4036.6528074920275,1.9696762182128025e+39
4039.8327509241117,1.7993098761761033e+39
4043.017708417563,1.9098784843547637e+39
4046.207691840822,1.90436343668995e+39
4049.4027130998174,1.933090519215075e+39
4052.602784138113,1.765945210866707e+39
4055.8079169370535,1.9273111169838884e+39
4059.0181235159216,1.862018828772094e+39
4062.2334159320794,1.833294199091301e+39
4065.453806281126,1.830413802201203e+39
4068.6793066970463,1.7925097960956116e+39
4071.9099293523623,1.7706132675840124e+39
4075.1456864582906,1.9179672560951592e+39
4078.3865902648913,1.6234273763746076e+39
4081.6326530612246,1.729056142403724e+39
4084.883887175507,1.7383792328327026e+39
4088.1403049752666,1.716626639552742e+39
4091.4019188675,1.7363386562244663e+39
4094.6687412988285,1.7578964710034743e+39
4097.94078475566,1.7078251020097125e+39
4101.218061764344,1.6611720925698687e+39
4104.500584891333,1.717262797271351e+39
4107.788366743345,1.6524394761072262e+39
4111.081419967522,1.7765999284958275e+39
4114.379757251594,1.664558478284577e+39
4117.683391324041,1.672631234044473e+39
4120.992334954257,1.6981623576159963e+39
4124.306600952715,1.6306834129321317e+39
4127.626202171131,1.7349128409250653e+39
4130.951151502633,1.686666478472994e+39
4134.281461881925,1.6116433131012074e+39
4137.6171462854545,1.6484519750812126e+39
4140.958217731583,1.5251265414707554e+39
4144.304689280756,1.5670449605338465e+39
4147.65657403567,1.5677321906138707e+39
4151.013885141446,1.5254344365977113e+39
4154.3766357858,1.6220063176708207e+39
4157.744839199218,1.5603628504024426e+39
4161.118508655127,1.6134114489920102e+39
4164.497657470068,1.5533343165532465e+39
4167.882299003876,1.634723594368241e+39
4171.272446659853,1.558420424031166e+39
4174.668113884946,1.4587459069614353e+39
4178.069314169922,1.5896287447579185e+39
4181.4760610495505,1.6022905653299197e+39
4184.888368102781,1.502921308870312e+39
4188.306248952924,1.508973428260654e+39
4191.72971726783,1.5343144977438417e+39
4195.158786760079,1.3861527500967022e+39
4198.593471187152,1.501623877853444e+39
4202.033784351626,1.3251339885068265e+39
4205.479740101352,1.49845585818236e+39
4208.931352329643,1.489328202561633e+39
4212.388634975463,1.4513454614547836e+39
4215.851602023608,1.4301916909546698e+39
4219.320267504905,1.384471455710041e+39
4222.794645496389,1.3940098734143496e+39
4226.274750121505,1.3650350094571053e+39
4229.760595550291,1.534523822711572e+39
4233.2521959995765,1.4211555127769583e+39
4236.749565733169,1.456304816185867e+39
4240.252719062056,1.512426916228213e+39
4243.761670344594,1.3770467702744368e+39
4247.276433986705,1.5155477577444848e+39
4250.797024442083,1.443907580665544e+39
4254.323456212376,1.5337474548231148e+39
4257.855743847398,1.432681306537152e+39
4261.393901945326,1.3955006704299886e+39
4264.9379451528985,1.453073944537387e+39
4268.487888165618,1.4243511369851623e+39
4272.043745727956,1.4612815967883343e+39
4275.605532633559,1.4482730347297102e+39
4279.173263725448,1.365982748044577e+39
4282.746953896229,1.4089471410241878e+39
4286.326618088298,1.4465533238808926e+39
4289.912271294052,1.3505413401132473e+39
4293.503928556094,1.3936557016941163e+39
4297.101604967449,1.4727569808784226e+39
4300.70531567177,1.4476743882614623e+39
4304.315075863553,1.3176158914710731e+39
4307.930900788351,1.417870382034193e+39
4311.552805742988,1.471466715320975e+39
4315.180806075775,1.3456480183033815e+39
4318.814917186724,1.433499982564199e+39
4322.455154527772,1.466954370272254e+39
4326.101533602993,1.365885293274551e+39
4329.754069968826,1.3660295094649566e+39
4333.412779234286,1.3897443292906733e+39
4337.077677061196,1.5000664906090246e+39
4340.748779164406,1.4235436245497223e+39
4344.426101312017,1.2796741160548787e+39
4348.109659325608,1.487851754526264e+39
4351.799469080464,1.4553767315777442e+39
4355.495546505804,1.457002412458319e+39
4359.197907585004,1.4687318373933052e+39
4362.906568355839,1.3076644490266533e+39
4366.621544910702,1.4348504314115105e+39
4370.342853396849,1.4585076752329217e+39
4374.0705100166215,1.323286516399812e+39
4377.804531027689,1.3485960653452043e+39
4381.544932743285,1.4263902824300078e+39
4385.29173153244,1.4744774177318465e+39
4389.044943820225,1.4124764776629764e+39
4392.804586087987,1.4597285966061148e+39
4396.570674873598,1.4771722297591975e+39
4400.343226771688,1.49735223905153e+39
4404.122258433894,1.4537294578234836e+39
4407.907786569105,1.4524349178661465e+39
4411.699827943707,1.3610241022338151e+39
4415.4983993818305,1.5028908916130462e+39
4419.3035177656,1.4532998022984444e+39
4423.115200035385,1.5479340055749846e+39
4426.933463190048,1.581044986748312e+39
4430.7583242872015,1.5194435758864016e+39
4434.589800443458,1.48877356905048e+39
4438.427908834691,1.6435087149450137e+39
4442.272666696282,1.5241193715638364e+39
4446.124091323389,1.4894273518033927e+39
4449.982200071199,1.518760309834115e+39
4453.8470103551945,1.4499585617080382e+39
4457.718539651407,1.551359732530362e+39
4461.596805496687,1.604114012652439e+39
4465.481825488971,1.4982658866118256e+39
4469.373617287537,1.611028741758556e+39
4473.272198613286,1.5342469667583755e+39
4477.177587248998,1.5578501133500413e+39
4481.089801039612,1.583892036588218e+39
4485.008857892494,1.657073138339782e+39
4488.934775777708,1.6238074636925264e+39
4492.867572728294,1.5564813107365665e+39
4496.807266840543,1.680519860004253e+39
4500.753876274276,1.649120019301828e+39
4504.70741925312,1.407983582755412e+39
4508.667914064789,1.6505443819827894e+39
4512.635379061372,1.5566582379908545e+39
4516.609832659606,1.5931248833261397e+39
4520.591293341169,1.6357468456329275e+39
4524.579779652965,1.637017123158422e+39
4528.575310207409,1.5237440554845785e+39
4532.57790368272,1.60267067800348e+39
4536.58757882321,1.5297320588945665e+39
4540.604354439576,1.483230530806147e+39
4544.628249409198,1.5405247706614202e+39
4548.659282676431,1.5288890508695794e+39
4552.6974732529025,1.489611349962529e+39
4556.742840217812,1.5623014328313422e+39
4560.795402718234,1.5415283248027127e+39
4564.855179969416,1.4651388965839614e+39
4568.922191255083,1.5626618698518906e+39
4572.996455927747,1.5854240839272818e+39
4577.077993409008,1.5206163697732132e+39
4581.166823189867,1.4101167462989868e+39
4585.262964831033,1.6200064579341753e+39
4589.366437963239,1.5132890911954897e+39
4593.477262287552,1.532971400786795e+39
4597.595457575688,1.4681765670605134e+39
4601.721043670333,1.508835452591295e+39
4605.8540404854575,1.393294935630908e+39
4609.994468006638,1.4808978912737016e+39
4614.142346291383,1.4560166690641185e+39
4618.2976954694495,1.4610918307407942e+39
4622.4605357431765,1.4542736981343446e+39
4626.630887387804,1.468130071192788e+39
4630.808770751812,1.402699352919872e+39
4634.994206257242,1.5340897049041346e+39
4639.187214400037,1.462765917791e+39
4643.387815750371,1.4384154411733606e+39
4647.59603095299,1.4739520680085672e+39
4651.811880727543,1.4209696731418204e+39
4656.035385868933,1.423632867572388e+39
4660.266567247647,1.3862446271719946e+39
4664.505445810108,1.50899489618472e+39
4668.752042579019,1.3834305438967933e+39
4673.006378653707,1.485999780828629e+39
4677.268475210477,1.426171054389249e+39
4681.538353502961,1.436588068567379e+39
4685.8160348624715,1.4420648105510828e+39
4690.101540698356,1.3820940526879277e+39
4694.394892498357,1.373296847398269e+39
4698.696111828967,1.4501717446919022e+39
4703.005220335795,1.3191150339970352e+39
4707.322239743921,1.3711562734320922e+39
4711.647191858274,1.440574850461396e+39
4715.980098563984,1.3158029934489592e+39
4720.320981826764,1.3585826612453601e+39
4724.669863693275,1.2840428432733029e+39
4729.026766291498,1.4433940933835238e+39
4733.391711831113,1.2659646879368384e+39
4737.764722603875,1.3910795391848464e+39
4742.145820983995,1.3765110453045375e+39
4746.535029428517,1.291184718592546e+39
4750.932370477706,1.2374483983675873e+39
4755.337866755433,1.3001399415791395e+39
4759.751540969562,1.3849938200581877e+39
4764.173415912339,1.237389098293875e+39
4768.60351446079,1.3228910037671938e+39
4773.041859577109,1.2091626042514615e+39
4777.488474309055,1.115507884214305e+39
4781.943381790359,1.1676947812092753e+39
4786.406605241115,1.2140655381280256e+39
4790.878167968189,1.1605740779247677e+39
4795.358093365622,1.2371354885672965e+39
4799.8464049150425,1.1298018050938806e+39
4804.3431261860715,1.1587500225823655e+39
4808.84828083674,1.195998044800454e+39
4813.361892613897,1.0781003299826132e+39
4817.883985353633,1.068316946343604e+39
4822.414582981699,1.0728872747434648e+39
4826.953709513926,1.04483665078268e+39
4831.50138905665,1.0472540371917214e+39
4836.057645807138,1.0544389651655841e+39
4840.622504054022,1.0441234190453924e+39
4845.195988177722,1.0083478795010093e+39
4849.77812265089,1.0733160277154657e+39
4854.368932038836,1.0512682544835056e+39
4858.968440999976,1.0417810204531428e+39
4863.576674286271,1.0296538151283732e+39
4868.193656743665,1.0106273206544232e+39
4872.819413312543,1.0633886956690114e+39
4877.453969028168,9.868705291235051e+38
4882.097349021139,1.0345245185572308e+39
4886.749578517849,1.0111168373058194e+39
4891.410682840932,1.0367598393504936e+39
4896.080687409729,1.1011876616852372e+39
4900.7596177407495,9.892789017866036e+38
4905.447499448137,1.0335038181778216e+39
4910.1443582441325,1.0938494657506636e+39
4914.850219939547,1.0201546116648516e+39
4919.565110444238,1.0015127236349824e+39
4924.289055767573,1.0373499796531001e+39
4929.022082018928,1.0632218935288165e+39
4933.764215408146,1.1097199415477927e+39
4938.515482246036,1.049373430766141e+39
4943.275908944857,1.0644708111949708e+39
4948.045522018802,1.1116211919052227e+39
4952.824348084495,1.0774753189664713e+39
4957.612413861484,1.0987557043090883e+39
4962.409746172742,1.102408328254461e+39
4967.216371945162,1.034051589111166e+39
4972.032318210068,1.116459820594207e+39
4976.857612103718,1.0192186868649331e+39
4981.692280867811,1.1315709192557187e+39
4986.536351850005,1.0956545016906778e+39
4991.38985250443,1.092080305530153e+39
4996.252810392206,1.1234782607884923e+39
5001.125253181966,1.1158438446362156e+39
5006.00720865038,1.062061214502685e+39
5010.898704682685,1.143173995554098e+39
5015.799769273211,1.1260688592106304e+39
5020.71043052592,1.0993472115517312e+39
5025.63071665494,1.1054418876784651e+39
5030.560655985109,1.1113987919740421e+39
5035.500276952515,1.0393127380040401e+39
5040.449608105044,1.1498974207845832e+39
5045.408678102926,1.0665480192965304e+39
5050.3775157192995,1.1237707236373395e+39
5055.356149840757,1.1368058740347358e+39
5060.344609467906,1.0979137546022817e+39
5065.342923715936,1.0637969366506767e+39
5070.351121815186,1.161827569156176e+39
5075.369233111709,1.155042462251246e+39
5080.397287067849,1.1335372615843943e+39
5085.435313262816,1.1466013947952696e+39
5090.483341393266,1.0394141507874449e+39
5095.541401273885,1.116667611666311e+39
5100.609522837979,1.1397376987454318e+39
5105.6877361380575,1.0776734460480765e+39
5110.776071346433,1.0317373843611837e+39
5115.874558755819,1.0884615963119273e+39
5120.983228779926,1.1067715944110117e+39
5126.102111954071,1.0895965360043442e+39
5131.231238935783,1.0850750036323958e+39
5136.370640505418,1.1115182165163423e+39
5141.520347566776,1.1432115296737519e+39
5146.68039114771,1.0892143630185457e+39
5151.850802400763,1.1579701066920529e+39
5157.031612603785,1.0358072604537006e+39
5162.222853160571,1.1613807918109886e+39
5167.4245556014885,1.1375164726835734e+39
5172.63675158412,1.0497803131551995e+39
5177.859472893906,1.0883373070432594e+39
5183.092751444787,1.119312683055805e+39
5188.336619279859,9.911293988201722e+38
5193.591108572022,1.1360930080623008e+39
5198.856251624643,1.0559620745681995e+39
5204.132080872213,1.0472173311098865e+39
5209.418628881018,1.0606825661160344e+39
5214.715928349803,1.084887067413883e+39
5220.024012110455,1.0430140425520386e+39
5225.342913128675,1.039595569798155e+39
5230.672664504656,1.0295440125403907e+39
5236.0132994737805,1.0974584224104147e+39
5241.3648514073075,1.0178765731703998e+39
5246.7273538130585,1.0461972359922957e+39
5252.100840336135,9.879794871278603e+38
5257.4853447596015,1.0807117056877743e+39
5262.88090100521,9.662214792955392e+38
5268.287543134104,1.0854480844776439e+39
5273.705305347537,1.0639190099149233e+39
5279.134221987594,9.432455877516505e+38
5284.574327537917,1.1130302149182374e+39
5290.025656624434,1.032184969863373e+39
5295.488244016098,1.0273122984302568e+39
5300.96212462562,1.0334426642532417e+39
5306.447333510215,1.0306093601876093e+39
5311.943905872355,1.0514643673209196e+39
5317.451877060513,1.0464286595771766e+39
5322.971282569931,1.0609321242751978e+39
5328.502158043375,1.0045503713697802e+39
5334.044539271903,1.0325145787575765e+39
5339.598462195643,9.933904824716444e+38
5345.163962904562,1.0240435328371331e+39
5350.7410776392535,9.810708753159791e+38
5356.329842791719,9.382652055133074e+38
5361.930294906166,9.639292651066171e+38
5367.542470679799,9.301267047787277e+38
5373.166406963624,9.46432882105376e+38
5378.802140763251,9.053341087571336e+38
5384.449709239716,9.532189686872087e+38
5390.109149710282,9.9444099367927e+38
5395.780499649274,9.275723760664584e+38
5401.463796688903,9.070674945345474e+38
5407.159078620093,9.283313790859934e+38
5412.866383393327,8.378441465899773e+38
5418.58574911948,8.923317299637899e+38
5424.317214070679,9.607740001495827e+38
5430.060816681147,8.94039763927048e+38
5435.816595548066,9.024824220089897e+38
5441.584589432443,8.629888150509942e+38
5447.364837259976,9.195886347759737e+38
5453.157378121933,9.012146991337189e+38
5458.962251276033,8.922382670968049e+38
5464.77949614733,9.239594416485894e+38
5470.6091523291125,8.927568529201669e+38
5476.45125958379,8.411021392456157e+38
5482.3058578438095,9.558749296129788e+38
5488.172987212558,8.558648957778664e+38
5494.052687965278,8.887036542076232e+38
5499.945000549994,9.240005443290041e+38
5505.849965588438,9.378409656654747e+38
5511.767623876978,9.410322289198014e+38
5517.698016387563,8.852209719881014e+38
5523.641184268669,8.521263109791805e+38
5529.59716884625,8.795407510955349e+38
5535.566011624688,9.189387037233932e+38
5541.5477542877725,9.305721570006693e+38
5547.5424386996565,9.124882459169757e+38
5553.55010690584,8.797566935432593e+38
5559.570801134153,8.980721981367439e+38
5565.604563795742,8.77765126666463e+38
5571.651437486071,9.216829904309418e+38
5577.711464985917,8.780908758955423e+38
5583.784689262382,9.117539166040523e+38
5589.871153469913,8.973543460122855e+38
5595.970900951316,9.434709744339324e+38
5602.083975238789,8.9471469907845e+38
5608.21042005496,9.096334961862217e+38
5614.350279313927,9.173545948609515e+38
5620.503597122302,8.935191907582555e+38
5626.6704177802785,8.825100480017722e+38
5632.850785782685,8.508051463411519e+38
5639.044745820058,8.220152935608267e+38
5645.252342779723,9.161980196701972e+38
5651.473621746871,8.676647492788201e+38
5657.708628005658,9.071095905400167e+38
5663.9574070403,8.465196107057703e+38
5670.220004536176,8.623475088696939e+38
5676.49646638095,8.11886215978134e+38
5682.786838665682,8.71291720305206e+38
5689.091167685962,8.301678595564598e+38
5695.409499943046,8.689305158253696e+38
5701.7418821449955,8.165635749733403e+38
5708.088361207831,8.709276393636308e+38
5714.448984256694,7.556304022794608e+38
5720.823798627002,8.264281587398332e+38
5727.212851865639,7.963939094584299e+38
5733.616191732126,8.682959215816726e+38
5740.033866199811,8.01942265015027e+38
5746.465923457074,8.049172012446737e+38
5752.912411908529,8.024561745747033e+38
5759.373380176236,8.068017564833023e+38
5765.8488771009315,8.526373205609958e+38
5772.338951743246,8.502575714437155e+38
5778.843653384958,8.330747872917039e+38
5785.363031530229,8.297531660509846e+38
5791.897135906866,8.294779473409248e+38
5798.4460164675875,8.664835177379637e+38
5805.0097233912875,7.863040448093881e+38
5811.5883070843265,7.83990316597684e+38
5818.181818181818,8.05150196242807e+38
5824.790307548929,8.570880981040845e+38
5831.4138262821825,8.658879606242652e+38
5838.052425710783,7.671787738269007e+38
5844.706157397937,7.99442220286056e+38
5851.375073142189,8.111217513030287e+38
5858.059224978765,8.227781743109482e+38
5864.758665180928,8.30897445206194e+38
5871.473446261339,7.889155995918744e+38
5878.2036209734315,8.405586844096973e+38
5884.949242312785,8.182993858314379e+38
5891.71036351853,7.575570950772725e+38
5898.487038074734,7.715620018574285e+38
5905.279319711823,8.590672243516961e+38
5912.087262407993,8.087466542009399e+38
5918.910920390648,7.521994319045783e+38
5925.7503481378335,8.361372134595789e+38
5932.6056003796875,7.895819186969115e+38
5939.476732099903,8.074603068379883e+38
5946.363798537194,7.92709609676979e+38
5953.266855186784,7.541532785565264e+38
5960.185957801884,7.282116153908964e+38
5967.121162395203,7.389291319855551e+38
5974.072525240456,6.89283264535439e+38
5981.040102873891,7.23034191537096e+38
5988.023952095809,6.877969323137871e+38
5995.024129972123,6.4398428175385595e+38
6002.040693835905,6.566993625657788e+38
6009.073701288947,6.32306712214245e+38
6016.123210203345,5.737983001117129e+38
6023.189278723084,5.7754593243869815e+38
6030.271965265634,5.6926980828035335e+38
6037.371328523562,5.529326404536873e+38
6044.4874274661515,5.6096967442767724e+38
6051.620321341039,5.0054344564373196e+38
6058.770069675857,5.257885526679614e+38
6065.936732279883,5.326020391872961e+38
6073.120369245718,4.8633533696645735e+38
6080.321040950963,5.11771575748514e+38
6087.538808059901,4.910059988061762e+38
6094.773731525217,5.293195500729128e+38
6102.0258725897,5.169755536123587e+38
6109.295292787977,5.471235067056018e+38
6116.582053948255,5.127127831440828e+38
6123.886218194066,5.745359223077926e+38
6131.207847946046,6.06558069657309e+38
6138.547005923698,6.179738895590051e+38
6145.903755147195,6.171406428217992e+38
6153.278158939175,5.8317658099420866e+38
6160.670280926565,6.174795501771524e+38
6168.080185042407,6.288700982384086e+38
6175.507935527697,7.183117679857339e+38
6182.9535969332555,6.332232667169567e+38
6190.41723412158,6.892262346665175e+38
6197.898912268741,6.942596366581611e+38
6205.398696866274,7.286106292776358e+38
6212.916653723091,7.487991239283345e+38
6220.452848967405,7.068639977084542e+38
6228.007349048672,7.070383370441252e+38
6235.58022073954,7.08506709697368e+38
6243.171531137818,7.784271340453977e+38
6250.781347668459,7.605023643897205e+38
6258.409738085553,7.772555520282498e+38
6266.056770474341,7.570378759692691e+38
6273.722513253239,7.55085743254799e+38
6281.407035175879,7.647028005900993e+38
6289.110405333166,7.984092029547883e+38
6296.832693155343,8.001909956723165e+38
6304.573968414085,7.482931604478145e+38
6312.334301224594,7.62752331186253e+38
6320.113762047717,8.400892368852119e+38
6327.9124216920845,7.211005092998794e+38
6335.730351316249,7.962080811548319e+38
6343.567622430856,7.794028573110984e+38
6351.4243069008235,7.829189102675844e+38
6359.3004769475365,7.504444880263132e+38
6367.196205151063,7.920565632691113e+38
6375.111564452378,7.362508235402547e+38
6383.046628155619,7.809353503194226e+38
6391.001469930338,7.683899964830147e+38
6398.976163813791,7.671038935056943e+38
6406.970784213225,7.390240843490948e+38
6414.985405908202,7.749770723142946e+38
6423.020104052926,7.570218666833504e+38
6431.074954178592,7.1227649206389e+38
6439.15003219575,7.299912431423345e+38
6447.2454143967,7.197445778886346e+38
6455.361177457879,7.213135014445789e+38
6463.497398442298,7.653052380496013e+38
6471.654154801968,7.438335113092429e+38
6479.831524380366,6.5399055070358375e+38
6488.02958541491,7.038370937068926e+38
6496.248416539449,6.847643070690138e+38
6504.488096786783,6.782940736589386e+38
6512.748705591196,7.061129429940377e+38
6521.030322791002,6.680386446652316e+38
6529.333028631126,6.892462523545709e+38
6537.656903765691,7.026197144496571e+38
6546.00202926063,6.596523620075273e+38
6554.368486596317,6.590706772787368e+38
6562.756357670222,6.589627926744451e+38
6571.16572479958,6.541393053323977e+38
6579.596670724085,6.479276575914172e+38
6588.049278608604,6.6482660810898604e+38
6596.523632045913,6.407629742802453e+38
6605.019815059446,6.85314262557132e+38
6613.537912106081,6.618035661241241e+38
6622.078008078935,6.961544412647184e+38
6630.640188310182,6.63454197231619e+38
6639.224538573895,6.3600438004817386e+38
6647.831145088916,6.678672303023576e+38
6656.460094521734,6.3276354169158124e+38
6665.111473989403,6.5484617205741566e+38
6673.785371062468,5.963318906121015e+38
6682.481873767918,6.4434065358464804e+38
6691.201070592172,6.128953080116067e+38
6699.943050484071,6.1241255615675145e+38
6708.70790285791,6.281529431083746e+38
6717.49571759648,6.539057634461657e+38
6726.306585054148,6.037931271344552e+38
6735.140596059943,6.254587496652141e+38
6743.997841920692,5.9487701225693824e+38
6752.878414424149,6.046473178135489e+38
6761.782405842181,6.047604825756664e+38
6770.709908933953,6.3132909738243324e+38
6779.661016949153,5.4393302737813585e+38
6788.635823631242,5.7590000727170315e+38
6797.634423220719,6.228826575268309e+38
6806.65691045843,5.768653117946074e+38
6815.703380588878,5.749102143866738e+38
6824.7739293635905,5.924195073029197e+38
6833.868653044489,5.900112610032888e+38
6842.987648407296,6.102694566345831e+38
6852.131012744964,5.8717419618264606e+38
6861.298843871145,5.805945938128697e+38
6870.491240123669,5.590783147133139e+38
6879.708300368065,5.740670818620519e+38
6888.950124001103,6.2454533981697634e+38
6898.216810954369,5.3563730266236976e+38
6907.508461697866,5.7888478299809156e+38
6916.825177243645,5.9905236296578815e+38
6926.167059149468,5.504111109613644e+38
6935.53420952249,5.772524614526322e+38
6944.926731022989,5.32908299857651e+38
6954.344726868112,5.7191791199534275e+38
6963.788300835656,5.630419243902421e+38
6973.257557267878,5.636349357926128e+38
6982.752601075345,5.2148098929340615e+38
6992.273537740797,5.426739752732781e+38
7001.820473323064,5.282691927838877e+38
7011.393514461,5.401788902126078e+38
7020.9927683774495,5.336960511376036e+38
7030.618342883256,5.4730061872671715e+38
7040.270346381302,5.6272825980132145e+38
7049.948887870563,5.103048841300629e+38
7059.65407695023,5.372695550209056e+38
7069.386023823831,5.359426159667369e+38
7079.144839303413,5.290483204875594e+38
7088.930634813739,5.131218033853367e+38
7098.743522396537,5.204542108821049e+38
7108.583614714769,5.338509038825639e+38
7118.451025056948,5.1510296154167265e+38
7128.345867341483,5.039508605996498e+38
7138.268256121066,5.203141169402238e+38
7148.218306587084,5.3392520619952884e+38
7158.196134574087,5.207650146168927e+38
7168.201856564282,4.974853274369895e+38
7178.2355896920535,5.166408011676069e+38
7188.2974517485545,4.790930884731001e+38
7198.387561186295,4.943607021550449e+38
7208.506037123808,4.97016506093221e+38
7218.652999350322,4.818667702006851e+38
7228.828568330503,4.79796302931089e+38
7239.032865209209,4.898595693526351e+38
7249.266011816305,4.511264176237712e+38
7259.528130671507,4.59677558450792e+38
7269.819344989278,4.233651953082199e+38
7280.1397786837515,4.376672013194531e+38
7290.489556373712,4.130102267639861e+38
7300.868803387603,4.055307670473777e+38
7311.277645768599,4.0759132749039256e+38
7321.71621027969,3.860173806075749e+38
7332.184624408843,3.813015663304437e+38
7342.683016374184,3.645333950994304e+38
7353.211515129234,3.633644323967122e+38
7363.770250368189,3.3874496940128835e+38
7374.35935253125,3.198231768836578e+38
7384.9789528099855,3.2464275745867666e+38
7395.629183152757,2.9617217440338456e+38
7406.310176270184,3.2030992326913465e+38
7417.022065640646,2.8867436288136912e+38
7427.764985515859,2.840965029472828e+38
7438.539070926471,2.8988744637600984e+38
7449.344457687725,3.0707556424139153e+38
7460.181282405163,3.1017402762875597e+38
7471.0496824803895,3.0251613934498622e+38
7481.949796116869,3.0770568421286495e+38
7492.881762325792,3.586164462855264e+38
7503.845720931979,3.421390454398298e+38
7514.841812579846,3.1627435810338695e+38
7525.8701787394175,3.611895909610334e+38
7536.930961712392,3.36941364049986e+38
7548.024304638262,3.434147584714841e+38
7559.150351500492,3.513026764319159e+38
7570.309247132746,3.681394965474787e+38
7581.501137225171,3.565886390111065e+38
7592.72616833074,3.884890211757933e+38
7603.984487871646,3.879694450129839e+38
7615.276244145758,3.91986307322045e+38
7626.60158633313,3.9374482004188845e+38
7637.960664502579,4.105461574885605e+38
7649.353629618298,3.827922005548424e+38
7660.780633546559,3.9688136858286896e+38
7672.241829062453,4.10720233452217e+38
7683.737369856699,4.241736530734313e+38
7695.267410542517,4.271097452894504e+38
7706.832106662557,4.391351436138273e+38
7718.4316146958945,4.08395989982055e+38
7730.066092065088,4.094562098170618e+38
7741.7356971433,4.327832672941343e+38
7753.440589261486,4.044655597995048e+38
7765.18092871564,4.137019140350759e+38
7776.956876774119,4.174578184395454e+38
7788.768595685023,4.0130689009547424e+38
7800.6162486836465,3.716190751031096e+38
7812.500000000001,4.007560067870813e+38
7824.420014866399,4.278954546080667e+38
7836.376459525117,4.395308757838217e+38
7848.369501236119,4.2758561471873775e+38
7860.399308284863,3.969931304060966e+38
7872.46604999016,4.0248408067956035e+38
7884.569896712135,4.2080779179440676e+38
7896.711019860229,4.197820209502768e+38
7908.889591901298,4.079894579571598e+38
7921.105786367778,4.116172527435841e+38
7933.359777865927,3.6858544968041595e+38
7945.651742084146,3.853802697613356e+38
7957.98185580137,3.8700331901887576e+38
7970.350296895549,3.692922366062793e+38
7982.7572443522,3.779787537054843e+38
7995.202878273038,3.6845185061668875e+38
8007.68737988469,3.6712543947585994e+38
8020.2109315475,3.550060725395357e+38
8032.773716764399,3.564444502204275e+38
8045.37592018987,3.604580341593673e+38
8058.017727639,3.50125746385613e+38
8070.6993260966065,3.3369993861703504e+38
8083.420903726457,3.393519631994623e+38
8096.182649880581,3.332499334535965e+38
8108.98475510866,3.4226331185442815e+38
8121.827411167513,3.1694781870402082e+38
8134.710811030667,3.1000242792578002e+38
8147.635148898032,3.1737679133851016e+38
8160.600620205647,3.3079714296618896e+38
8173.607421635538,3.1142598227803898e+38
8186.655751125665,3.2919445110572635e+38
8199.745807879955,2.9735627134120903e+38
8212.87779237845,3.2175968771455614e+38
8226.051906387529,3.0996560214180204e+38
8239.268352970255,3.108136522225526e+38
8252.527336496802,3.23143791047586e+38
8265.829062654984,3.094645714058431e+38
8279.1737384609,3.0607140653383362e+38
8292.561572269675,3.2781729959503314e+38
8305.992773786287,2.8673480569083756e+38
8319.46755407654,3.0597733280703767e+38
8332.986125578102,3.2871007521166688e+38
8346.548702111677,2.9831655743309918e+38
8360.15549889228,3.2913329043847333e+38
8373.806732540612,3.2130015521822204e+38
8387.502621094569,2.914672081304136e+38
8401.243384020836,3.236814504619186e+38
8415.029242226616,3.0756935834755606e+38
8428.860418071477,3.2361827722746572e+38
8442.73713537929,2.9367389223467614e+38
8456.659619450318,3.2738416692981533e+38
8470.628097073397,3.0417462526134265e+38
8484.642796538266,2.9292027886487396e+38
8498.703947647984,3.0290008303175733e+38
8512.811781731505,3.143786604357345e+38
8526.966531656362,3.1542148382273054e+38
8541.168431841475,2.8925225318924087e+38
8555.417718270095,2.9996989020114744e+38
8569.714628502872,3.058776805319441e+38
8584.05940169106,3.1202753894618125e+38
8598.452278589853,2.767170473254734e+38
8612.893501571853,2.723684369780894e+38
8627.383314640669,3.14760539201174e+38
8641.92196344467,2.764745556032987e+38
8656.509695290859,2.687478220701164e+38
8671.146759158899,2.9775928695603777e+38
8685.833405715279,2.583739360257178e+38
8700.56988732762,2.613526074726054e+38
8715.356458079135,2.67567350730853e+38
8730.19337378323,2.593648225727818e+38
8745.080891998252,2.5437116449990718e+38
8760.019272042398,2.2659778786818537e+38
8775.008775008775,2.664422206392809e+38
8790.0496637806,2.616495851272316e+38
8805.142203046578,2.448083450290446e+38
8820.286659316427,2.4195031565616708e+38
8835.483300936561,2.260581260774367e+38
8850.732398105944,2.5609895357093734e+38
8866.0342228921,2.352149414064624e+38
8881.389049247302,2.43384308140015e+38
8896.79715302491,2.5550215852277864e+38
8912.2588119959,2.28857168239845e+38
8927.774305865549,2.4308557549871317e+38
8943.343916290301,2.4538226536161515e+38
8958.967926894822,2.334171841082742e+38
8974.646623289209,2.197047465188482e+38
8990.380293086399,2.2349312068203578e+38
9006.169225919755,2.302964565104858e+38
9022.013713460845,2.4408637840888843e+38
9037.91404943739,2.182128209528273e+38
9053.870529651425,2.378846522794255e+38
9069.883451997643,2.244262378687823e+38
9085.953116481918,2.3775551967049016e+38
9102.079825240067,2.349481583582502e+38
9118.263882556761,2.3971432269531372e+38
9134.505594884677,2.3851694468010803e+38
9150.805270863837,2.4644446106482726e+38
9167.163221341156,2.4448533770123943e+38
9183.57975939021,2.434483131361873e+38
9200.055200331202,2.3765196646145595e+38
9216.589861751152,2.3234016152485634e+38
9233.184063524306,2.2991038105973623e+38
9249.838127832763,2.190036857368159e+38
9266.552379187324,2.4150496351435075e+38
9283.32714444857,2.2158079373343047e+38
9300.162752848175,2.267364142479396e+38
9317.059536010434,2.1789470721278252e+38
9334.017827974052,2.2003058704729934e+38
9351.037965214138,2.2445665910574177e+38
9368.120286664482,2.3902730420621576e+38
9385.265133740028,1.9669424174119177e+38
9402.472850359645,2.2818925209122587e+38
9419.743782969103,2.323780469096694e+38
9437.078280564338,2.2052873018384822e+38
9454.476694714947,2.005391700034207e+38
9471.939379587971,2.0912805116350148e+38
9489.466691971911,2.2337967042723428e+38
9507.05899130104,2.080251982426127e+38
9524.71663967997,1.8237391026694776e+38
9542.44000190849,2.0785068661743455e+38
9560.229445506693,1.9480248734552064e+38
9578.085340740385,1.88106337375471e+38
9596.008060646773,1.95311999021789e+38
9613.997981060424,1.9900181860164312e+38
9632.055480639568,1.929662217639047e+38
9650.180940892642,1.789842653512643e+38
9668.374746205162,1.7334860559948468e+38
9686.637283866905,1.976982275665707e+38
9704.968944099379,1.742010154729024e+38
9723.370120083622,1.8938007716106717e+38
9741.84120798831,1.8206538533389118e+38
9760.382606998195,1.768225535262999e+38
9778.99471934285,1.8158802860911652e+38
9797.677950325773,1.8130512679882404e+38
9816.432708353785,1.872049740291286e+38
9835.259404966806,1.7109661416282373e+38
9854.158454867955,1.923108450005784e+38
9873.130275953992,1.903269344527193e+38
9892.175289346129,1.7283124916901787e+38
9911.293919421181,1.836450969493592e+38
9930.486593843098,1.7212504481145655e+38
9949.753743594847,1.729052798426179e+38
9969.095803010667,1.936106762377668e+38
9988.513209808722,1.7564831024176567e+38
10008.006405124099,1.7873965761948544e+38
10027.57583354224,1.720941024033827e+38
10047.221943132723,1.842074697874335e+38
10066.945185483466,1.5884040387229033e+38
10086.746015735325,1.8411695721779684e+38
10106.62489261711,1.7793730030524987e+38
10126.582278481013,1.7059767814945967e+38
10146.618639338441,1.6393595666461777e+38
10166.7344448963,1.7532280922256226e+38
10186.930168593695,1.5732650956580097e+38
10207.206287639074,1.6666822145223746e+38
10227.563283047815,1.5703364922134034e+38
10248.001639680264,1.6105839264439625e+38
10268.52184628023,1.6027066746922215e+38
10289.124395513942,1.5746092877319871e+38
10309.809784009485,1.608691969245314e+38
10330.578512396694,1.4993415144868348e+38
10351.431085347549,1.662694807016551e+38
10372.36801161705,1.5815454627327794e+38
10393.389804084602,1.572804227466102e+38
10414.496979795875,1.7275406164802774e+38
10435.690060005218,1.5056531104791682e+38
10456.96957021855,1.5181828400617258e+38
10478.33604023681,1.5900455810490133e+38
10499.790004199916,1.370632684432109e+38
10521.33200063128,1.4935619648904263e+38
10542.96257248287,1.397884734596871e+38
10564.682267180815,1.502748828447581e+38
10586.491636671606,1.4478136192363536e+38
10608.391237468839,1.3399306685139851e+38
10630.381630700542,1.3397431403286166e+38
10652.463382157124,1.4827053670853337e+38
10674.63706233988,1.4179290365282105e+38
10696.903246510135,1.425923502816544e+38
10719.262514738984,1.258075169410947e+38
10741.715451957678,1.262986964216294e+38
10764.262648008611,1.3532658379354437e+38
10786.904697696997,1.2395150378719865e+38
10809.642200843153,1.1786366386548938e+38
10832.475762335482,1.2162795426343392e+38
10855.405992184109,1.1574673124284945e+38
10878.433505575198,1.3564973290302662e+38
10901.558922925979,1.1603602647856832e+38
10924.78286994046,1.2319718063784966e+38
10948.105977665866,1.2598952998875292e+38
10971.528882549783,1.25949480509579e+38
10995.052226498075,1.2425540386317455e+38
11018.676656933503,1.1867655921890562e+38
11042.402826855125,1.179690037246471e+38
11066.231394898468,1.1841246549724179e+38
11090.163025396474,1.1421328857145182e+38
11114.198388441235,1.1946390696599417e+38
11138.338159946536,1.1450040918512765e+38
11162.583021711223,1.2760989846413302e+38
11186.933661483388,1.1797991651256445e+38
11211.390773025394,1.1552768096268462e+38
11235.955056179775,1.1690709492381215e+38
11260.627216935984,1.2206023990827618e+38
11285.407967498026,1.198631785051077e+38
11310.298026352993,1.1212590353742058e+38
11335.298118340514,1.1585224515380653e+38
11360.40897472309,1.1269156583871023e+38
11385.63133325743,1.1215211698601945e+38
11410.965938266676,1.1858885705241096e+38
11436.413540713633,1.1679180373679257e+38
11461.974898274973,1.163076394748224e+38
11487.650775416429,1.0962955379027156e+38
11513.441943469,1.2463127033540918e+38
11539.34918070621,1.2318657469297774e+38
11565.373272422368,1.1673552434084342e+38
11591.51501101194,1.1225358592584014e+38
11617.775196049957,1.083098336947939e+38
11644.154634373546,1.165134705693199e+38
11670.654140164557,1.1414897853871644e+38
11697.274535033339,1.0489241741650598e+38
11724.016648103641,1.0253902761828655e+38
11750.881316098707,1.111928025097825e+38
11777.869383428537,1.0146151143703168e+38
11804.981702278363,1.0139564359764477e+38
11832.21913269834,1.0269715926973635e+38
11859.582542694498,9.684136923031049e+37
11887.072808320952,9.1965006949922e+37
11914.690813773383,9.528925196226415e+37
11942.437451483847,1.0231349865800636e+38
11970.313622216903,8.788827871480527e+37
11998.320235167079,9.821186081203255e+37
